model,test_name,t_s_mean,t_s_std,t_s_req_mean,t_s_req_std,peak_ts_mean,peak_ts_std,peak_ts_req_mean,peak_ts_req_std,ttfr_mean,ttfr_std,est_ppt_mean,est_ppt_std,e2e_ttft_mean,e2e_ttft_std
Qwen/Qwen3.5-0.8B,pp2048 (c1),22651.22286198646,120.70748566856653,22651.22286198646,120.70748566856653,,,,,93.97281600001861,0.4752812053488872,90.44650666667546,0.4752812053488872,93.97281600001861,0.4752812053488872
Qwen/Qwen3.5-0.8B,tg128 (c1),123.85142805377752,0.09378836039315779,123.85142805377752,0.09378836039315779,124.0,0.0,124.0,0.0,,,,,,
Qwen/Qwen3.5-0.8B,pp2048 (c2),18529.735242032108,7725.5697676215805,9697.834794844017,4172.593106603238,,,,,289.80795466667547,174.97943575032235,286.2816453333324,174.97943575032235,289.80795466667547,174.97943575032235
Qwen/Qwen3.5-0.8B,tg128 (c2),259.7358786358506,2.3761504919012686,130.661697632929,0.7370130400010773,261.7810430345581,2.3948603382941966,131.69052989775523,0.7428162922845426,,,,,,
Qwen/Qwen3.5-0.8B,pp2048 (c5),8987.86266247538,2734.9828716398583,5390.035205975747,1841.321316108184,,,,,510.97430186667526,386.69789648326065,507.4479925333323,386.6978964832607,510.97430186667526,386.69789648326065
Qwen/Qwen3.5-0.8B,tg128 (c5),314.6253289064246,31.139286639324705,119.07082780451972,3.265947743895408,478.3333333333333,15.107025591499546,121.29594197798185,3.2903104960847376,,,,,,
Qwen/Qwen3.5-0.8B,pp2048 (c10),7145.597272254973,57.52899357337735,3485.418271496257,3658.604315605412,,,,,1307.9913861333448,923.9025110816348,1304.465076800001,923.9025110816347,1307.9913861333448,923.9025110816348
Qwen/Qwen3.5-0.8B,tg128 (c10),344.656753196997,12.721173616902464,116.55433220162861,6.836123699416583,478.0,14.142135623730951,120.4815847845437,6.22958707158626,,,,,,
Qwen/Qwen3.5-0.8B,ctx_pp @ d4096 (c1),23286.736533039406,61.955641580971104,23286.736533039406,61.955641580971104,,,,,179.46461866665686,0.46897284683249446,175.9383093333137,0.46897284683249446,179.46461866665686,0.46897284683249446
Qwen/Qwen3.5-0.8B,ctx_tg @ d4096 (c1),122.29540305386297,0.29279057841357375,122.29540305386297,0.29279057841357375,122.66666666666667,0.4714045207910317,122.66666666666667,0.4714045207910317,,,,,,
Qwen/Qwen3.5-0.8B,pp2048 @ d4096 (c1),15419.937192689096,146.26552232176883,15419.937192689096,146.26552232176883,,,,,136.3534080000098,1.2683713019471785,132.82709866666664,1.2683713019471785,136.3534080000098,1.2683713019471785
Qwen/Qwen3.5-0.8B,tg128 @ d4096 (c1),121.45702795743334,0.0639466216180757,121.45702795743334,0.0639466216180757,122.0,0.0,122.0,0.0,,,,,,
Qwen/Qwen3.5-0.8B,ctx_pp @ d4096 (c2),24458.754673575608,211.28221796144445,12559.063633825115,316.135698492334,,,,,329.96208533330673,8.10179114784157,326.4357759999636,8.10179114784157,329.96208533330673,8.10179114784157
Qwen/Qwen3.5-0.8B,ctx_tg @ d4096 (c2),214.48359752358638,54.277247656644754,125.52776581348623,2.345748510068811,217.71668853674342,54.25399168457471,127.42833611552493,2.094234629667978,,,,,,
Qwen/Qwen3.5-0.8B,pp2048 @ d4096 (c2),17038.446325501936,244.6787660682105,8688.855066369897,125.21814069573219,,,,,239.27990933333376,3.4250476218007893,235.7535999999906,3.4250476218007893,239.27990933333376,3.4250476218007893
Qwen/Qwen3.5-0.8B,tg128 @ d4096 (c2),248.89363037574915,1.4491226541505198,124.56946796620899,0.7493077915382083,250.66666666666666,0.9428090415820634,125.66666666666667,0.4714045207910317,,,,,,
Qwen/Qwen3.5-0.8B,ctx_pp @ d4096 (c5),13533.168828995964,3927.833521779764,5720.655806602561,1552.374568103847,,,,,834.9336298666648,433.09470399065856,831.4073205333215,433.09470399065856,834.9336298666648,433.09470399065856
Qwen/Qwen3.5-0.8B,ctx_tg @ d4096 (c5),298.7661176241,36.39323935541237,110.40735402112497,6.562138146283713,443.6666666666667,28.755675768252935,113.41972658040524,7.255662651903028,,,,,,
Qwen/Qwen3.5-0.8B,pp2048 @ d4096 (c5),5987.777238826272,43.83340081491468,3800.854309400296,1306.490377788927,,,,,713.0996149333365,498.083478487173,709.5733055999934,498.083478487173,713.0996149333365,498.083478487173
Qwen/Qwen3.5-0.8B,tg128 @ d4096 (c5),273.76514570970784,1.8491523364774534,111.92285156612778,4.319546303134315,450.3333333333333,2.6246692913372702,114.26666666666667,3.434465832637669,,,,,,
Qwen/Qwen3.5-0.8B,ctx_pp @ d4096 (c10),10997.19675121047,123.05181400397915,4323.1961062970595,4536.817871762764,,,,,1852.0241296000052,1159.2181733966768,1848.4978202666616,1159.2181733966765,1852.0241296000052,1159.2181733966768
Qwen/Qwen3.5-0.8B,ctx_tg @ d4096 (c10),282.72531280631216,22.226895167046877,103.62653294654122,12.663256377468969,464.0,0.0,114.74723735750463,10.52497367614715,,,,,,
Qwen/Qwen3.5-0.8B,pp2048 @ d4096 (c10),6036.924304551208,11.008209602525422,1970.2412493688923,1362.698348800254,,,,,1729.7495306666654,1064.393463595086,1726.2232213333216,1064.393463595086,1729.7495306666654,1064.393463595086
Qwen/Qwen3.5-0.8B,tg128 @ d4096 (c10),323.35219035438445,5.8400748296082545,112.3153576339542,5.872210931600934,450.6666666666667,1.8856180831641267,115.03277467737232,4.968453224128527,,,,,,
Qwen/Qwen3.5-0.8B,ctx_pp @ d8192 (c1),23790.20581497603,47.096159504831384,23790.20581497603,47.096159504831384,,,,,347.9130293333128,0.6576227933640086,344.38671999996967,0.6576227933640086,347.9130293333128,0.6576227933640086
Qwen/Qwen3.5-0.8B,ctx_tg @ d8192 (c1),118.32541694577817,0.3163718290706676,118.32541694577817,0.3163718290706676,118.66666666666667,0.4714045207910317,118.66666666666667,0.4714045207910317,,,,,,
Qwen/Qwen3.5-0.8B,pp2048 @ d8192 (c1),14569.401075154618,326.85142161373994,14569.401075154618,326.85142161373994,,,,,144.1667520000086,3.2033815632382483,140.64044266666542,3.2033815632382483,144.1667520000086,3.2033815632382483
Qwen/Qwen3.5-0.8B,tg128 @ d8192 (c1),117.20974433152408,0.5737247337705894,117.20974433152408,0.5737247337705894,118.33333333333333,0.4714045207910317,118.33333333333333,0.4714045207910317,,,,,,
Qwen/Qwen3.5-0.8B,ctx_pp @ d8192 (c2),24300.531648323824,44.72868809814669,12551.297749700572,334.6794579132898,,,,,656.7656293333451,17.433412050421385,653.239320000002,17.433412050421385,656.7656293333451,17.433412050421385
Qwen/Qwen3.5-0.8B,ctx_tg @ d8192 (c2),234.72814720591293,0.1608205447688493,120.16650734930448,1.078544544697955,244.0,0.0,122.0,0.0,,,,,,
Qwen/Qwen3.5-0.8B,pp2048 @ d8192 (c2),15102.665910161411,455.25827793276414,7798.198585432782,428.0751789555776,,,,,266.8996613333358,13.651919505006653,263.3733519999927,13.651919505006664,266.8996613333358,13.651919505006653
Qwen/Qwen3.5-0.8B,tg128 @ d8192 (c2),237.5638776299179,3.460998668700741,119.38778361573269,1.1737845956629842,240.33333333333334,1.699673171197595,120.16666666666667,0.8975274678557508,,,,,,
Qwen/Qwen3.5-0.8B,ctx_pp @ d8192 (c5),14567.035275993521,165.5140246503603,6499.955694847705,2573.3450269828827,,,,,1507.162757333337,689.6106339678395,1503.636447999994,689.6106339678395,1507.162757333337,689.6106339678395
Qwen/Qwen3.5-0.8B,ctx_tg @ d8192 (c5),201.57640619450854,0.44932566640807575,89.44656924342958,16.81960159604422,425.3333333333333,1.8856180831641267,108.8,4.955804677345546,,,,,,
Qwen/Qwen3.5-0.8B,pp2048 @ d8192 (c5),5642.614743410505,188.9962730643388,4007.906571072996,2684.945757709723,,,,,755.9008192000078,538.4647794824937,752.3745098666647,538.4647794824937,755.9008192000078,538.4647794824937
Qwen/Qwen3.5-0.8B,tg128 @ d8192 (c5),253.6828187600496,11.709287233326954,103.20326300283082,8.008667449073627,417.3333333333333,3.7712361663282534,107.26666666666667,5.470730197047638,,,,,,
Qwen/Qwen3.5-0.8B,ctx_pp @ d8192 (c10),14617.013403688708,271.58938277795113,4036.4069948905585,2691.315336895998,,,,,2965.146780266671,1594.0093922977526,2961.6204709333288,1594.0093922977526,2965.146780266671,1594.0093922977526
Qwen/Qwen3.5-0.8B,ctx_tg @ d8192 (c10),214.69551198437742,3.8298207482338347,79.72862699009876,17.35031005891012,393.0,50.91823510950342,102.42808371151413,13.93034729035796,,,,,,
Qwen/Qwen3.5-0.8B,pp2048 @ d8192 (c10),5530.47375165703,37.796870383547024,1691.2269134792566,1064.2296780995318,,,,,1863.6167637333322,1104.1783440465733,1860.0904543999884,1104.178344046573,1863.6167637333322,1104.1783440465733
Qwen/Qwen3.5-0.8B,tg128 @ d8192 (c10),303.65474255370924,9.673394345935732,102.4193406016184,8.304533535808382,405.6666666666667,13.912424503139471,104.14822661055813,8.33859722087508,,,,,,
Qwen/Qwen3.5-0.8B,ctx_pp @ d16384 (c1),22684.265597468097,45.346830689897196,22684.265597468097,45.346830689897196,,,,,725.8360266666463,1.4437984947347575,722.3097173333031,1.4437984947347575,728.3205973333224,3.1167873241147097
Qwen/Qwen3.5-0.8B,ctx_tg @ d16384 (c1),113.90879042839725,0.07254659163559644,113.90879042839725,0.07254659163559644,116.0,0.816496580927726,116.0,0.816496580927726,,,,,,
Qwen/Qwen3.5-0.8B,pp2048 @ d16384 (c1),10483.822483162017,197.15170770076008,10483.822483162017,197.15170770076008,,,,,198.94326933331286,3.6354738250365846,195.4169599999697,3.6354738250365846,201.5528693333787,5.454938724364428
Qwen/Qwen3.5-0.8B,tg128 @ d16384 (c1),112.21720259193778,0.8609821439678933,112.21720259193778,0.8609821439678933,114.66666666666667,0.4714045207910317,114.66666666666667,0.4714045207910317,,,,,,
Qwen/Qwen3.5-0.8B,ctx_pp @ d16384 (c2),23145.24586801922,123.70066893254528,13481.97792540485,1854.7135129298006,,,,,1242.3061040000032,170.40396621798897,1238.77979466666,170.40396621798897,1245.5551466666936,169.9586508366661
Qwen/Qwen3.5-0.8B,ctx_tg @ d16384 (c2),171.24658514244376,0.5816298038234133,99.10654136307733,11.568971436530221,225.0,0.816496580927726,112.5,0.5,,,,,,
Qwen/Qwen3.5-0.8B,pp2048 @ d16384 (c2),11187.642598084889,225.61184811623963,5802.152676391822,212.32366197304785,,,,,356.9550560000228,12.476537465393847,353.4287466666797,12.476537465393847,361.14905600000685,12.51265323955899
Qwen/Qwen3.5-0.8B,tg128 @ d16384 (c2),217.80390397939075,4.101024895428551,109.45959677464897,1.7746019963129769,222.66666666666666,2.494438257849294,111.5,1.2583057392117916,,,,,,
Qwen/Qwen3.5-0.8B,ctx_pp @ d16384 (c5),17096.98128612993,320.84346463197767,7418.213291136688,3621.841299197748,,,,,2722.8933301333427,1187.4394878885996,2719.3670207999994,1187.4394878885998,2725.1255648000097,1188.2270513947544
Qwen/Qwen3.5-0.8B,ctx_tg @ d16384 (c5),133.91512142545938,0.21472457355573085,65.83574341790506,24.826176760890295,371.6666666666667,0.4714045207910317,97.46666666666667,9.105797908780733,,,,,,
Qwen/Qwen3.5-0.8B,pp2048 @ d16384 (c5),4678.802243615436,301.94636478695384,2820.4370752293853,1873.5027299401468,,,,,1004.9166399999951,612.1202867837538,1001.3903306666516,612.120286783754,1010.0719637333289,611.523894976049
Qwen/Qwen3.5-0.8B,tg128 @ d16384 (c5),225.33405070468973,7.914513703556878,90.81882274678773,10.520959254867776,374.0,4.320493798938574,97.53333333333333,8.007218965131125,,,,,,
Qwen/Qwen3.5-0.8B,ctx_pp @ d16384 (c10),17130.743079595984,340.94742360089026,4486.558688806763,3156.958930011663,,,,,5226.398014399998,2612.510964658599,5222.871705066654,2612.5109646585993,5227.325811733333,2612.840237550098
Qwen/Qwen3.5-0.8B,ctx_tg @ d16384 (c10),129.81140379219906,4.785170252992229,53.07095416230319,22.67167792098485,371.3333333333333,0.4714045207910317,87.76666666666667,19.97278704192838,,,,,,
Qwen/Qwen3.5-0.8B,pp2048 @ d16384 (c10),4538.270116065823,3.617325415593236,1168.2356653551697,670.4825644225325,,,,,2463.5760501333266,1304.6482643742622,2460.0497407999833,1304.6482643742622,2467.412678399997,1303.9903454112632
Qwen/Qwen3.5-0.8B,tg128 @ d16384 (c10),266.03877248549253,2.5513869842829706,91.00358947657283,8.54474948469598,370.6666666666667,3.7712361663282534,96.13333333333334,6.993965653015145,,,,,,
Qwen/Qwen3.5-0.8B,ctx_pp @ d32768 (c1),20785.11573981281,13.672267879571598,20785.11573981281,13.672267879571598,,,,,1580.0718026666043,1.0153031497817697,1576.545493333261,1.0153031497817697,1584.6699839999776,1.1278842548789425
Qwen/Qwen3.5-0.8B,ctx_tg @ d32768 (c1),103.8410740617439,0.351467792005937,103.8410740617439,0.351467792005937,107.33333333333333,0.4714045207910317,107.33333333333333,0.4714045207910317,,,,,,
Qwen/Qwen3.5-0.8B,pp2048 @ d32768 (c1),7190.7069755722705,191.20380666426527,7190.7069755722705,191.20380666426527,,,,,288.53705066664287,7.472831709497468,285.0107413332997,7.472831709497467,294.7349439999698,8.50517086523465
Qwen/Qwen3.5-0.8B,tg128 @ d32768 (c1),103.22367862069684,0.15510787626546102,103.22367862069684,0.15510787626546102,107.33333333333333,1.247219128924647,107.33333333333333,1.247219128924647,,,,,,
Qwen/Qwen3.5-0.8B,ctx_pp @ d32768 (c2),20774.486429739187,75.42288916692766,13429.69361791554,3011.5379020370588,,,,,2572.727423999993,576.0579884423081,2569.2011146666496,576.0579884423081,2578.4441920000254,575.9949686545854
Qwen/Qwen3.5-0.8B,ctx_tg @ d32768 (c2),88.85690920752872,18.342131117522392,73.67127126556937,20.37915851962208,173.33333333333334,32.097074979228594,101.64916600506994,5.700327937216552,,,,,,
Qwen/Qwen3.5-0.8B,pp2048 @ d32768 (c2),7143.545754392383,232.09335280291984,3696.563396899824,101.94531640752373,,,,,557.9916319999635,15.857903391041848,554.4653226666203,15.857903391041848,563.6614533333196,16.572733982135862
Qwen/Qwen3.5-0.8B,tg128 @ d32768 (c2),184.9831599892553,0.4465789056893467,93.2625845381862,1.0898137566193655,197.0,1.4142135623730951,98.83333333333333,1.0671873729054748,,,,,,
Qwen/Qwen3.5-0.8B,ctx_pp @ d32768 (c5),17153.259806748265,15.132232585042312,7262.157654912788,3636.9172838429713,,,,,5604.046660266666,2407.239169298158,5600.520350933322,2407.239169298158,5608.284138666674,2407.8187751911464
Qwen/Qwen3.5-0.8B,ctx_tg @ d32768 (c5),75.24605523646817,0.1376098832956388,44.35552447673517,30.504621015561337,292.6666666666667,0.9428090415820634,79.86666666666666,13.240678062529712,,,,,,
Qwen/Qwen3.5-0.8B,pp2048 @ d32768 (c5),3546.6471557670934,395.17906704375235,1859.335448767927,1268.2334441782496,,,,,1466.8232800000244,771.5939730468558,1463.2969706666815,771.5939730468556,1472.7733152000155,771.2213286505014
Qwen/Qwen3.5-0.8B,tg128 @ d32768 (c5),183.07643180051446,11.936042662651191,73.14000759926142,13.50042252457055,301.0,3.559026084010437,81.46666666666667,11.330587902762248,,,,,,
Qwen/Qwen3.5-0.8B,ctx_pp @ d32768 (c10),17159.303250668323,60.91776504964907,4259.1006730736035,2854.9164343425095,,,,,10760.973194666656,5247.019950679713,10757.446885333315,5247.019950679713,10766.696368533341,5246.876795218344
Qwen/Qwen3.5-0.8B,ctx_tg @ d32768 (c10),70.8514563956195,1.5519686548721825,32.85618916720312,21.429878974497136,298.6666666666667,1.8856180831641267,78.917282491874,9.526614810098794,,,,,,
Qwen/Qwen3.5-0.8B,pp2048 @ d32768 (c10),3383.4851144021864,131.25752404334182,788.6063229124246,442.9418231156815,,,,,3454.7270778666757,1667.711571494522,3451.2007685333333,1667.7115714945219,3462.1307594666705,1666.5456717076893
Qwen/Qwen3.5-0.8B,tg128 @ d32768 (c10),211.21508620670315,3.181557552671373,73.12386743404643,9.7835638501633,314.6666666666667,9.809292646374773,81.76666666666667,8.515410866318913,,,,,,
Qwen/Qwen3.5-0.8B,ctx_pp @ d65535 (c1),17129.272020798002,15.651538812727416,17129.272020798002,15.651538812727416,,,,,3829.494784,3.4977753319113987,3825.968474666657,3.4977753319113987,3840.4803146666304,3.582818352864873
Qwen/Qwen3.5-0.8B,ctx_tg @ d65535 (c1),89.09081962095725,0.3209321002812776,89.09081962095725,0.3209321002812776,96.0,0.0,96.0,0.0,,,,,,
Qwen/Qwen3.5-0.8B,pp2048 @ d65535 (c1),4158.97101041993,26.875112023623903,4158.97101041993,26.875112023623903,,,,,495.9763893333123,3.1853876652941944,492.45007999996915,3.1853876652941944,507.9495253333258,2.5028791579216696
Qwen/Qwen3.5-0.8B,tg128 @ d65535 (c1),88.29359783526569,0.03386462859544316,88.29359783526569,0.03386462859544316,96.0,0.0,96.0,0.0,,,,,,
Qwen/Qwen3.5-0.8B,ctx_pp @ d65535 (c2),17059.8226395769,9.295120512679338,11799.179639436392,3249.4851232334263,,,,,6013.648594666676,1655.193336903587,6010.122285333334,1655.193336903587,6021.741674666657,1659.580124106822
Qwen/Qwen3.5-0.8B,ctx_tg @ d65535 (c2),41.579839242424036,7.151880423509803,49.02549634125171,31.45736948814125,141.33333333333334,18.660713336371206,71.66666666666667,20.221001184137467,,,,,,
Qwen/Qwen3.5-0.8B,pp2048 @ d65535 (c2),4367.130776676718,49.39956220223438,2306.61562191204,90.919196991284,,,,,892.7902133333608,35.09103143152382,889.2639040000176,35.09103143152382,900.7872800000124,37.74994574697425
Qwen/Qwen3.5-0.8B,tg128 @ d65535 (c2),125.14396064410852,25.4375740267943,76.32798233321185,6.448909234749885,139.33333333333334,24.997777679003566,69.66666666666667,27.80687365063218,,,,,,
Qwen/Qwen3.5-0.8B,ctx_pp @ d65535 (c5),15946.176981722745,1041.9679994360667,6813.409549973282,3815.666682000575,,,,,12386.391660799996,5486.882047000334,12382.86535146665,5486.882047000334,12393.420296533312,5488.657694869585
Qwen/Qwen3.5-0.8B,ctx_tg @ d65535 (c5),33.569603095281565,2.223624490698129,28.632373988996473,27.41831418283953,216.0,3.265986323710904,62.72126455953432,15.832104713846933,,,,,,
Qwen/Qwen3.5-0.8B,pp2048 @ d65535 (c5),2115.949255356359,18.55581534581994,857.556541964299,220.92779363281835,,,,,2669.2858783999936,1084.3426790850706,2665.7595690666503,1084.3426790850708,2677.358935466661,1083.3989982431174
Qwen/Qwen3.5-0.8B,tg128 @ d65535 (c5),144.15895759123137,3.1228382523314835,56.69831650817807,16.424600419564623,238.33333333333334,6.342099196813483,66.76081493965371,14.10725766832253,,,,,,
Qwen/Qwen3.5-0.8B,ctx_pp @ d65535 (c10),15441.49267078948,302.14640335744036,4140.461795318117,3247.7670452726434,,,,,23605.992865066728,11962.577793674594,23602.466555733386,11962.577793674594,23611.786451200063,11961.839607210764
Qwen/Qwen3.5-0.8B,ctx_tg @ d65535 (c10),32.48384099969561,0.2688884927667198,18.900478403547137,19.46342832522575,214.66666666666666,3.7712361663282534,58.166666666666664,9.366903911586201,,,,,,
Qwen/Qwen3.5-0.8B,pp2048 @ d65535 (c10),2178.8947427821245,192.48022842813515,668.807307187316,872.6316168900701,,,,,5469.137268266695,2493.1054356420696,5465.610958933351,2493.105435642069,5475.308489600016,2491.1794826959126
Qwen/Qwen3.5-0.8B,tg128 @ d65535 (c10),113.40852335414843,1.4849635593103692,55.526580848677696,15.095160204505161,237.0,4.546060565661952,65.1,14.10519998676611,,,,,,
Qwen/Qwen3.5-0.8B,ctx_pp @ d100000 (c1),14390.226942153744,10.577047345327024,14390.226942153744,10.577047345327024,,,,,6952.76028799996,5.10796105273746,6949.233978666617,5.107961052737459,6968.999717333266,3.819807717895668
Qwen/Qwen3.5-0.8B,ctx_tg @ d100000 (c1),78.09938322304272,0.12338726514212259,78.09938322304272,0.12338726514212259,87.0,0.0,87.0,0.0,,,,,,
Qwen/Qwen3.5-0.8B,pp2048 @ d100000 (c1),2983.5039628253276,5.554765333090888,2983.5039628253276,5.554765333090888,,,,,689.9698773333967,1.2791517122389546,686.4435680000535,1.2791517122389546,704.0995093333701,1.8114815903380035
Qwen/Qwen3.5-0.8B,tg128 @ d100000 (c1),77.17468193358117,0.09280500725267678,77.17468193358117,0.09280500725267678,86.0,0.0,86.0,0.0,,,,,,
Qwen/Qwen3.5-0.8B,ctx_pp @ d100000 (c2),14290.995783893168,36.962642561157764,9926.897926592597,2772.0354639707657,,,,,10929.185885333292,3050.844273803576,10925.659575999949,3050.844273803576,10944.520208000009,3050.7167005087076
Qwen/Qwen3.5-0.8B,ctx_tg @ d100000 (c2),28.01188965278602,3.6889923372126696,38.02467162580728,21.866060920246664,130.33333333333334,1.247219128924647,67.7148288117084,3.1971186741985202,,,,,,
Qwen/Qwen3.5-0.8B,pp2048 @ d100000 (c2),2869.471417975954,22.133144988908935,1521.813538478277,61.678694193324034,,,,,1351.5062240000286,54.70678145479258,1347.9799146666853,54.70678145479258,1370.5572533333072,55.117019689938395
Qwen/Qwen3.5-0.8B,tg128 @ d100000 (c2),115.59842447095254,0.29024238485888826,59.4653417735785,0.9572730759224402,135.33333333333334,1.247219128924647,67.66666666666667,1.4907119849998596,,,,,,
Qwen/Qwen3.5-0.8B,ctx_pp @ d100000 (c5),13880.781309686434,255.0896940478325,6051.576280049746,3475.8274655266628,,,,,21613.37521706667,9776.531202350578,21609.84890773333,9776.531202350578,21626.434158933367,9776.55171502541
Qwen/Qwen3.5-0.8B,ctx_tg @ d100000 (c5),18.978357476328863,0.7208256114817352,17.20914156636332,19.993656205271346,169.33333333333334,1.8856180831641267,47.06666666666667,13.086719307077011,,,,,,
Qwen/Qwen3.5-0.8B,pp2048 @ d100000 (c5),1590.7061219408877,97.1843777541605,661.2229712868128,217.04662266902332,,,,,3562.0167808000133,1514.0864769361967,3558.4904714666695,1514.086476936197,3574.0713557333647,1512.4071354374585
Qwen/Qwen3.5-0.8B,tg128 @ d100000 (c5),109.9957681811565,1.3029827325336067,44.45896160907591,16.770124078349145,188.0,14.236104336041748,54.6,15.200000000000001,,,,,,
Qwen/Qwen3.5-0.8B,ctx_pp @ d100000 (c10),13374.161179362847,272.6769713802299,3727.0531334279167,3065.9979110468716,,,,,41276.139192000024,21300.813696695746,41272.61288266666,21300.813696695754,41287.275668266644,21299.406546470917
Qwen/Qwen3.5-0.8B,ctx_tg @ d100000 (c10),18.141430532814535,0.5150216803821315,12.374119798180148,16.484017973594106,170.66666666666666,1.8856180831641267,46.333333333333336,8.941787044856053,,,,,,
Qwen/Qwen3.5-0.8B,pp2048 @ d100000 (c10),1690.2863029593857,168.17624899192654,415.31917465128686,395.6000059762862,,,,,7209.941566399978,3213.155735357129,7206.415257066634,3213.1557353571284,7220.084951466666,3212.40905121117
Qwen/Qwen3.5-0.8B,tg128 @ d100000 (c10),99.36521273756001,12.138250909884299,40.82378574944284,11.425544505340003,192.0,3.265986323710904,51.26879387403584,11.024097969866189,,,,,,
